,title,id,url
0,当幸福来敲门,1849031,https://movie.douban.com/subject/1849031/
0,触不可及,6786002,https://movie.douban.com/subject/6786002/
0,怦然心动,3319755,https://movie.douban.com/subject/3319755/
0,龙猫,1291560,https://movie.douban.com/subject/1291560/
0,末代皇帝,1293172,https://movie.douban.com/subject/1293172/
0,寻梦环游记,20495023,https://movie.douban.com/subject/20495023/
0,活着,1292365,https://movie.douban.com/subject/1292365/
0,蝙蝠侠：黑暗骑士,1851857,https://movie.douban.com/subject/1851857/
0,哈利·波特与魔法石,1295038,https://movie.douban.com/subject/1295038/
0,指环王3：王者无敌,1291552,https://movie.douban.com/subject/1291552/
0,乱世佳人,1300267,https://movie.douban.com/subject/1300267/
0,我不是药神,26752088,https://movie.douban.com/subject/26752088/
0,素媛,21937452,https://movie.douban.com/subject/21937452/
0,飞屋环游记,2129039,https://movie.douban.com/subject/2129039/
0,何以为家,30170448,https://movie.douban.com/subject/30170448/
0,十二怒汉,1293182,https://movie.douban.com/subject/1293182/
0,哈尔的移动城堡,1308807,https://movie.douban.com/subject/1308807/
0,摔跤吧！爸爸,26387939,https://movie.douban.com/subject/26387939/
0,鬼子来了,1291858,https://movie.douban.com/subject/1291858/
0,少年派的奇幻漂流,1929463,https://movie.douban.com/subject/1929463/
0,让子弹飞,3742360,https://movie.douban.com/subject/3742360/
0,猫鼠游戏,1305487,https://movie.douban.com/subject/1305487/
0,海蒂和爷爷,25958717,https://movie.douban.com/subject/25958717/
0,钢琴家,1296736,https://movie.douban.com/subject/1296736/
0,大话西游之月光宝盒,1299398,https://movie.douban.com/subject/1299398/
0,天空之城,1291583,https://movie.douban.com/subject/1291583/
0,指环王2：双塔奇兵,1291572,https://movie.douban.com/subject/1291572/
0,闻香识女人,1298624,https://movie.douban.com/subject/1298624/
0,天堂电影院,1291828,https://movie.douban.com/subject/1291828/
0,罗马假日,1293839,https://movie.douban.com/subject/1293839/
0,绿皮书,27060077,https://movie.douban.com/subject/27060077/
0,死亡诗社,1291548,https://movie.douban.com/subject/1291548/
0,大闹天宫,1418019,https://movie.douban.com/subject/1418019/
0,指环王1：护戒使者,1291571,https://movie.douban.com/subject/1291571/
0,黑客帝国,1291843,https://movie.douban.com/subject/1291843/
0,教父2,1299131,https://movie.douban.com/subject/1299131/
0,狮子王,1301753,https://movie.douban.com/subject/1301753/
0,辩护人,21937445,https://movie.douban.com/subject/21937445/
0,饮食男女,1291818,https://movie.douban.com/subject/1291818/
0,搏击俱乐部,1292000,https://movie.douban.com/subject/1292000/
0,美丽心灵,1306029,https://movie.douban.com/subject/1306029/
0,本杰明·巴顿奇事,1485260,https://movie.douban.com/subject/1485260/
0,穿条纹睡衣的男孩,3008247,https://movie.douban.com/subject/3008247/
0,窃听风暴,1900841,https://movie.douban.com/subject/1900841/
0,情书,1292220,https://movie.douban.com/subject/1292220/
0,两杆大烟枪,1293350,https://movie.douban.com/subject/1293350/
0,西西里的美丽传说,1292402,https://movie.douban.com/subject/1292402/
0,音乐之声,1294408,https://movie.douban.com/subject/1294408/
0,看不见的客人,26580232,https://movie.douban.com/subject/26580232/
0,阿凡达,1652587,https://movie.douban.com/subject/1652587/
0,拯救大兵瑞恩,1292849,https://movie.douban.com/subject/1292849/
0,飞越疯人院,1292224,https://movie.douban.com/subject/1292224/
0,小鞋子,1303021,https://movie.douban.com/subject/1303021/
0,哈利·波特与死亡圣器(下),3011235,https://movie.douban.com/subject/3011235/
0,沉默的羔羊,1293544,https://movie.douban.com/subject/1293544/
0,禁闭岛,2334904,https://movie.douban.com/subject/2334904/
0,布达佩斯大饭店,11525673,https://movie.douban.com/subject/11525673/
0,蝴蝶效应,1292343,https://movie.douban.com/subject/1292343/
0,致命魔术,1780330,https://movie.douban.com/subject/1780330/
0,海豚湾,3442220,https://movie.douban.com/subject/3442220/
0,功夫,1291543,https://movie.douban.com/subject/1291543/
0,心灵捕手,1292656,https://movie.douban.com/subject/1292656/
0,美国往事,1292262,https://movie.douban.com/subject/1292262/
0,低俗小说,1291832,https://movie.douban.com/subject/1291832/
0,春光乍泄,1292679,https://movie.douban.com/subject/1292679/
0,哈利·波特与阿兹卡班的囚徒,1291544,https://movie.douban.com/subject/1291544/
0,摩登时代,1294371,https://movie.douban.com/subject/1294371/
0,超脱,5322596,https://movie.douban.com/subject/5322596/
0,喜剧之王,1302425,https://movie.douban.com/subject/1302425/
0,致命ID,1297192,https://movie.douban.com/subject/1297192/
0,七宗罪,1292223,https://movie.douban.com/subject/1292223/
0,杀人回忆,1300299,https://movie.douban.com/subject/1300299/
0,红辣椒,1865703,https://movie.douban.com/subject/1865703/
0,加勒比海盗,1298070,https://movie.douban.com/subject/1298070/
0,哈利·波特与密室,1296996,https://movie.douban.com/subject/1296996/
0,狩猎,6985810,https://movie.douban.com/subject/6985810/
0,被嫌弃的松子的一生,1787291,https://movie.douban.com/subject/1787291/
0,7号房的礼物,10777687,https://movie.douban.com/subject/10777687/
0,一一,1292434,https://movie.douban.com/subject/1292434/
0,唐伯虎点秋香,1306249,https://movie.douban.com/subject/1306249/
0,请以你的名字呼唤我,26799731,https://movie.douban.com/subject/26799731/
0,断背山,1418834,https://movie.douban.com/subject/1418834/
0,剪刀手爱德华,1292370,https://movie.douban.com/subject/1292370/
0,勇敢的心,1294639,https://movie.douban.com/subject/1294639/
0,入殓师,2149806,https://movie.douban.com/subject/2149806/
0,爱在黎明破晓前,1296339,https://movie.douban.com/subject/1296339/
0,第六感,1297630,https://movie.douban.com/subject/1297630/
0,重庆森林,1291999,https://movie.douban.com/subject/1291999/
0,蝙蝠侠：黑暗骑士崛起,3395373,https://movie.douban.com/subject/3395373/
0,幽灵公主,1297359,https://movie.douban.com/subject/1297359/
0,超能陆战队,11026735,https://movie.douban.com/subject/11026735/
0,菊次郎的夏天,1293359,https://movie.douban.com/subject/1293359/
0,爱在日落黄昏时,1291990,https://movie.douban.com/subject/1291990/
0,甜蜜蜜,1305164,https://movie.douban.com/subject/1305164/
0,天使爱美丽,1292215,https://movie.douban.com/subject/1292215/
0,阳光灿烂的日子,1291875,https://movie.douban.com/subject/1291875/
0,小森林 夏秋篇,25814705,https://movie.douban.com/subject/25814705/
0,完美的世界,1300992,https://movie.douban.com/subject/1300992/
0,借东西的小人阿莉埃蒂,4202302,https://movie.douban.com/subject/4202302/
0,无人知晓,1292337,https://movie.douban.com/subject/1292337/
0,消失的爱人,21318488,https://movie.douban.com/subject/21318488/
0,倩女幽魂,1297447,https://movie.douban.com/subject/1297447/
0,小森林 冬春篇,25814707,https://movie.douban.com/subject/25814707/
0,寄生虫,27010768,https://movie.douban.com/subject/27010768/
0,侧耳倾听,1297052,https://movie.douban.com/subject/1297052/
0,时空恋旅人,10577869,https://movie.douban.com/subject/10577869/
0,幸福终点站,1292274,https://movie.douban.com/subject/1292274/
0,驯龙高手,2353023,https://movie.douban.com/subject/2353023/
0,教父3,1294240,https://movie.douban.com/subject/1294240/
0,萤火之森,5989818,https://movie.douban.com/subject/5989818/
0,一个叫欧维的男人决定去死,26628357,https://movie.douban.com/subject/26628357/
0,未麻的部屋,1395091,https://movie.douban.com/subject/1395091/
0,怪兽电力公司,1291579,https://movie.douban.com/subject/1291579/
0,哈利·波特与火焰杯,1309055,https://movie.douban.com/subject/1309055/
0,玩具总动员3,1858711,https://movie.douban.com/subject/1858711/
0,傲慢与偏见,1418200,https://movie.douban.com/subject/1418200/
0,釜山行,25986180,https://movie.douban.com/subject/25986180/
0,神偷奶爸,3287562,https://movie.douban.com/subject/3287562/
0,玛丽和马克思,3072124,https://movie.douban.com/subject/3072124/
0,新世界,10437779,https://movie.douban.com/subject/10437779/
0,被解救的姜戈,6307447,https://movie.douban.com/subject/6307447/
0,告白,4268598,https://movie.douban.com/subject/4268598/
0,大鱼,1291545,https://movie.douban.com/subject/1291545/
0,哪吒闹海,1307315,https://movie.douban.com/subject/1307315/
0,射雕英雄传之东成西就,1316510,https://movie.douban.com/subject/1316510/
0,阳光姐妹淘,4917726,https://movie.douban.com/subject/4917726/
0,头号玩家,4920389,https://movie.douban.com/subject/4920389/
0,喜宴,1303037,https://movie.douban.com/subject/1303037/
0,我是山姆,1306861,https://movie.douban.com/subject/1306861/
0,模仿游戏,10463953,https://movie.douban.com/subject/10463953/
0,恐怖直播,21360417,https://movie.douban.com/subject/21360417/
0,血战钢锯岭,26325320,https://movie.douban.com/subject/26325320/
0,花样年华,1291557,https://movie.douban.com/subject/1291557/
0,九品芝麻官,1297518,https://movie.douban.com/subject/1297518/
0,七武士,1295399,https://movie.douban.com/subject/1295399/
0,茶馆,1461403,https://movie.douban.com/subject/1461403/
0,头脑特工队,10533913,https://movie.douban.com/subject/10533913/
0,色，戒,1828115,https://movie.douban.com/subject/1828115/
0,黑客帝国3：矩阵革命,1302467,https://movie.douban.com/subject/1302467/
0,惊魂记,1293181,https://movie.douban.com/subject/1293181/
0,你的名字。,26683290,https://movie.douban.com/subject/26683290/
0,电锯惊魂,1417598,https://movie.douban.com/subject/1417598/
0,三块广告牌,26611804,https://movie.douban.com/subject/26611804/
0,达拉斯买家俱乐部,1793929,https://movie.douban.com/subject/1793929/
0,疯狂原始人,1907966,https://movie.douban.com/subject/1907966/
0,心迷宫,25917973,https://movie.douban.com/subject/25917973/
0,卢旺达饭店,1291822,https://movie.douban.com/subject/1291822/
0,上帝之城,1292208,https://movie.douban.com/subject/1292208/
0,谍影重重3,1578507,https://movie.douban.com/subject/1578507/
0,英雄本色,1297574,https://movie.douban.com/subject/1297574/
0,纵横四海,1295409,https://movie.douban.com/subject/1295409/
0,风之谷,1291585,https://movie.douban.com/subject/1291585/
0,海街日记,25895901,https://movie.douban.com/subject/25895901/
0,爱在午夜降临前,10808442,https://movie.douban.com/subject/10808442/
0,绿里奇迹,1300374,https://movie.douban.com/subject/1300374/
0,记忆碎片,1304447,https://movie.douban.com/subject/1304447/
0,岁月神偷,3792799,https://movie.douban.com/subject/3792799/
0,忠犬八公物语,1959195,https://movie.douban.com/subject/1959195/
0,荒蛮故事,24750126,https://movie.douban.com/subject/24750126/
0,疯狂的石头,1862151,https://movie.douban.com/subject/1862151/
0,雨中曲,1293460,https://movie.douban.com/subject/1293460/
0,小偷家族,27622447,https://movie.douban.com/subject/27622447/
0,爆裂鼓手,25773932,https://movie.douban.com/subject/25773932/
0,无敌破坏王,6534248,https://movie.douban.com/subject/6534248/
0,2001太空漫游,1292226,https://movie.douban.com/subject/1292226/
0,背靠背，脸对脸,1307856,https://movie.douban.com/subject/1307856/
0,贫民窟的百万富翁,2209573,https://movie.douban.com/subject/2209573/
0,小丑,27119724,https://movie.douban.com/subject/27119724/
0,无间道2,1307106,https://movie.douban.com/subject/1307106/
0,冰川时代,1291578,https://movie.douban.com/subject/1291578/
0,东邪西毒,1292328,https://movie.douban.com/subject/1292328/
0,恐怖游轮,3011051,https://movie.douban.com/subject/3011051/
0,心灵奇旅,24733428,https://movie.douban.com/subject/24733428/
0,真爱至上,1292401,https://movie.douban.com/subject/1292401/
0,牯岭街少年杀人事件,1292329,https://movie.douban.com/subject/1292329/
0,你看起来好像很好吃,4848115,https://movie.douban.com/subject/4848115/
0,遗愿清单,1867345,https://movie.douban.com/subject/1867345/
0,魔女宅急便,1307811,https://movie.douban.com/subject/1307811/
0,东京教父,1310177,https://movie.douban.com/subject/1310177/
0,黑天鹅,1978709,https://movie.douban.com/subject/1978709/
0,大佛普拉斯,27059130,https://movie.douban.com/subject/27059130/
0,可可西里,1308857,https://movie.douban.com/subject/1308857/
0,城市之光,1293908,https://movie.douban.com/subject/1293908/
0,雨人,1291870,https://movie.douban.com/subject/1291870/
0,源代码,3075287,https://movie.douban.com/subject/3075287/
0,恋恋笔记本,1309163,https://movie.douban.com/subject/1309163/
0,海边的曼彻斯特,25980443,https://movie.douban.com/subject/25980443/
0,初恋这件小事,4739952,https://movie.douban.com/subject/4739952/
0,人工智能,1302827,https://movie.douban.com/subject/1302827/
0,虎口脱险,1296909,https://movie.douban.com/subject/1296909/
0,波西米亚狂想曲,5300054,https://movie.douban.com/subject/5300054/
0,青蛇,1303394,https://movie.douban.com/subject/1303394/
0,终结者2：审判日,1291844,https://movie.douban.com/subject/1291844/
0,萤火虫之墓,1293318,https://movie.douban.com/subject/1293318/
0,罗生门,1291879,https://movie.douban.com/subject/1291879/
0,疯狂的麦克斯4：狂暴之路,3592854,https://movie.douban.com/subject/3592854/
0,新龙门客栈,1292287,https://movie.douban.com/subject/1292287/
0,千钧一发,1300117,https://movie.douban.com/subject/1300117/
0,奇迹男孩,26787574,https://movie.douban.com/subject/26787574/
0,无耻混蛋,1438652,https://movie.douban.com/subject/1438652/
0,崖上的波妞,1959877,https://movie.douban.com/subject/1959877/
0,二十二,26430107,https://movie.douban.com/subject/26430107/
0,彗星来的那一夜,25807345,https://movie.douban.com/subject/25807345/
0,末路狂花,1291992,https://movie.douban.com/subject/1291992/
0,黑客帝国2：重装上阵,1304141,https://movie.douban.com/subject/1304141/
0,血钻,1428175,https://movie.douban.com/subject/1428175/
0,房间,25724855,https://movie.douban.com/subject/25724855/
0,爱乐之城,25934014,https://movie.douban.com/subject/25934014/
0,花束般的恋爱,34874432,https://movie.douban.com/subject/34874432/
0,步履不停,2222996,https://movie.douban.com/subject/2222996/
0,战争之王,1419936,https://movie.douban.com/subject/1419936/
0,魂断蓝桥,1293964,https://movie.douban.com/subject/1293964/
0,火星救援,25864085,https://movie.douban.com/subject/25864085/
0,谍影重重2,1308767,https://movie.douban.com/subject/1308767/
0,哈利·波特与死亡圣器(上),2051007,https://movie.douban.com/subject/2051007/
0,千年女优,1307394,https://movie.douban.com/subject/1307394/
0,芙蓉镇,1297880,https://movie.douban.com/subject/1297880/
0,燃情岁月,1295865,https://movie.douban.com/subject/1295865/
0,阿飞正传,1305690,https://movie.douban.com/subject/1305690/
0,弱点,3552028,https://movie.douban.com/subject/3552028/
0,谍影重重,1304102,https://movie.douban.com/subject/1304102/
0,朗读者,2213597,https://movie.douban.com/subject/2213597/
0,再次出发之纽约遇见你,6874403,https://movie.douban.com/subject/6874403/
0,香水,1760622,https://movie.douban.com/subject/1760622/
0,海洋,3443389,https://movie.douban.com/subject/3443389/
0,哈利·波特与凤凰社,1457217,https://movie.douban.com/subject/1457217/
0,穿越时空的少女,1937946,https://movie.douban.com/subject/1937946/
0,地球上的星星,2363506,https://movie.douban.com/subject/2363506/
