,title,id,url
0,蝙蝠侠：黑暗骑士崛起,3395373,https://movie.douban.com/subject/3395373/
0,冰川时代,1291578,https://movie.douban.com/subject/1291578/
0,波西米亚狂想曲,5300054,https://movie.douban.com/subject/5300054/
0,重庆森林,1291999,https://movie.douban.com/subject/1291999/
0,楚门的世界,1292064,https://movie.douban.com/subject/1292064/
0,第六感,1297630,https://movie.douban.com/subject/1297630/
0,谍影重重,1304102,https://movie.douban.com/subject/1304102/
0,东邪西毒,1292328,https://movie.douban.com/subject/1292328/
0,飞屋环游记,2129039,https://movie.douban.com/subject/2129039/
0,飞越疯人院,1292224,https://movie.douban.com/subject/1292224/
0,哈利·波特与死亡圣器(下),3011235,https://movie.douban.com/subject/3011235/
0,何以为家,30170448,https://movie.douban.com/subject/30170448/
0,黑天鹅,1978709,https://movie.douban.com/subject/1978709/
0,寄生虫,27010768,https://movie.douban.com/subject/27010768/
0,恐怖游轮,3011051,https://movie.douban.com/subject/3011051/
0,控方证人,1296141,https://movie.douban.com/subject/1296141/
0,朗读者,2213597,https://movie.douban.com/subject/2213597/
0,倩女幽魂,1297447,https://movie.douban.com/subject/1297447/
0,熔炉,5912992,https://movie.douban.com/subject/5912992/
0,三傻大闹宝莱坞,3793023,https://movie.douban.com/subject/3793023/
0,消失的爱人,21318488,https://movie.douban.com/subject/21318488/
0,小森林 冬春篇,25814707,https://movie.douban.com/subject/25814707/
0,小偷家族,27622447,https://movie.douban.com/subject/27622447/
0,萤火虫之墓,1293318,https://movie.douban.com/subject/1293318/
0,雨中曲,1293460,https://movie.douban.com/subject/1293460/
0,忠犬八公的故事,3011091,https://movie.douban.com/subject/3011091/